pair_id,X,Y,correct_answer,winner_reposts,loser_reposts,repost_margin,winner_loser_ratio,publication_gap_hours,handle,target,source_a_uri,source_b_uri
99c6d6b70861bf45,"Yayoi Kusama, the Japanese artist who disappeared from public view for decades and found global recognition late in life through her polka-dot paintings and mirrored, Instagram-friendly “infinity rooms,” died Aug. 14 in Tokyo. She was 97. https://wapo.st/4gTmIr7","Yayoi Kusama, whose hypnotic, unconventional works propelled her from near-obscurity to a place in the world’s most prominent museums, has died at 97. https://wapo.st/4gTmIr7",X,30,12,18,2.5,6.4126,washingtonpost.com,wapo.st/4gTmIr7,at://did:plc:k5nskatzhyxersjilvtnz4lh/app.bsky.feed.post/3mu22ezegbj23,at://did:plc:k5nskatzhyxersjilvtnz4lh/app.bsky.feed.post/3mu2puz4afx2d
b48e8db932628a36,"The Justice Department is 0 for 23 on voter roll cases, unable to document the fraud epidemic it keeps invoking. The man who filmed the pictures that sold it settled with one of his mules and apologized. The federal apparatus is being built anyway.","To prove strangers can steal votes, O'Keefe put on a costume, faked an accent, and handed poll workers the name of a real registered voter who found out from the video. Nobody in the crew cast a ballot. Falsely signing that oath in Minnesota carries a five-year penalty.",Y,9,3,6,3.0,0.5705,wellborn.net,salon.com/2026/08/27/maga-influencers-are-still-paying-for-the-big-lie,at://did:plc:jjheidmljqrsatjic4e6hmm2/app.bsky.feed.post/3mu2rz7fq2s22,at://did:plc:jjheidmljqrsatjic4e6hmm2/app.bsky.feed.post/3mu2twg46ys2r
ed9d2e5411a6d08a,"😡 53 años. Imaginálo. Un funeral por día, sin parar. No dejemos que se normalice.

🪖 | El auténtico conflicto del genocidio de Israel. La mejor conferencia expuesta y resumida de la realidad en la guerra de Israel tinyurl.com/3562y67r

#freepalestine #gaza #israel #viral #bluesky","📌 Fuente noticia: Extraño video captando la formación de un círculo de las cosechas | t.me/masalladelrelato/3514

🪖 | El auténtico conflicto del genocidio de Israel. La mejor conferencia expuesta y resumida de la realidad en la guerra de Israel tinyurl.com/3562y67r

#noticias #freepalestine #israel",X,8,0,8,inf,0.4711,masalladelrelato.bsky.social,tinyurl.com/3562y67r,at://did:plc:oimw6wlt6vfksslvacjokf36/app.bsky.feed.post/3mu2j3fcbsk2r,at://did:plc:oimw6wlt6vfksslvacjokf36/app.bsky.feed.post/3mu2knwoi2c2r
bf348676f451bb04,"Congratulations to the former LMB Group Leaders awarded prizes from @royalsociety.org!
KJ Patel has received the Buchanan Medal and Sarah Teichmann (@teichlab.bsky.social) has been awarded the Gabor Medal.
Read more here: mrclmb.ac.uk/news-events/...
Image: The Royal Society
#LMBAlumni","Kelly Nguyen, Group Leader in the LMB’s Structural Studies Division, has been awarded the 2027 Francis Crick Medal and Lecture from @royalsociety.org.
Read more about @kellythd-nguyen.bsky.social’s research on telomerase here: mrclmb.ac.uk/news-events/...
#LMBNews",Y,13,0,13,inf,0.042,mrclmb.ac.uk,mrclmb.ac.uk/news-events/articles/the-royal-society-awards-kelly-nguyen-francis-crick-medal,at://did:plc:fod5s5sjpftlmk4e2euu5hiq/app.bsky.feed.post/3mu2hau2yb22n,at://did:plc:fod5s5sjpftlmk4e2euu5hiq/app.bsky.feed.post/3mu2hfe5s5s2n
021ebc17b96e20ca,"🔴 Débat présidentiel du Medef : Jean-Luc Mélenchon entend «arriver le plus vite possible» à la retraite à 60 ans

Suivre le direct ➡️ l.liberation.fr/HIU","🔴 Débat présidentiel du Medef : Marine Le Pen prévoit un plan d’économies de 125 milliards d’euros

Suivre le direct ➡️ l.liberation.fr/HIU",X,8,1,7,8.0,0.6384,liberation.fr,l.liberation.fr/HIU,at://did:plc:uo4didwt5qe4onrscbmqwvwm/app.bsky.feed.post/3mu37blhphk2s,at://did:plc:uo4didwt5qe4onrscbmqwvwm/app.bsky.feed.post/3mu3bg3dk322i
6df17087d0bd2e5a,Labour spending years tip-toeing around Brexit for fear of scaring off voters who didn't elect them anyway is top-tier strategy. It turns out avoiding the elephant in the room doesn't make it disappear—it just eats up all the electoral space. 🐘,"1/2 Cowering from closer EU ties out of fear of Leave voters makes little electoral sense. As Sir John Curtice points out, Labour’s base remains overwhelmingly pro-European, while attempts to appease Brexit voters haven't delivered. Isn't it time to embrace reality? 🇪🇺 #FBPE",Y,17,3,14,5.6667,0.0176,fife4europe.bsky.social,thelondoneconomic.com/politics/labour-can-be-much-more-pro-eu-without-losing-support-sir-john-curtis-409185,at://did:plc:oouj5xse6knq6qtggefzj6b5/app.bsky.feed.post/3mu33xbhfb22v,at://did:plc:oouj5xse6knq6qtggefzj6b5/app.bsky.feed.post/3mu33z5zbxc2v
a7accc58ca1bbd5f,EMILYs List Endorses @bethmacy.bsky.social for Virginia's 6th Congressional District in the Fight to Take Back the U.S. House Majority bluevirginia.us/2026/08/thur...,THIS is what AGs are bragging about? Hmmm... bluevirginia.us/2026/08/thur...,X,12,0,12,inf,2.7745,bluevirginia.bsky.social,bluevirginia.us/2026/08/thursday-8-27-news-roundup-climate-crisis-likely-contributed-to-nepal-glacier-collapse-disaster-ratcliffe-went-to-moscow-to-warn-putin,at://did:plc:mlan7kocyn37uzb25btjt2cc/app.bsky.feed.post/3mu2qp5wods2m,at://did:plc:mlan7kocyn37uzb25btjt2cc/app.bsky.feed.post/3mu2zytjelk2x
faeb39c60b4d98bb,"""De ministerraad wordt formeel benoemd door de vorige ministerraad. Motie van wantrouwen wordt traditioneel gezien als bindend. Dat is een gebruik, geen wet. Het electoraat en parlement hebben geen wettelijk middel om een ministerraad af te zetten. Ook de nucleaire optie van een shutdown ontbreekt.""","Executive Order

""In de laatste 40 jaar heeft de ministerraad veel meer bevoegdheden gekregen om bij ministerieel besluit of bij algemene maatregel van bestuur te besluiten. Dit alles gaat er vanuit dat het parlement de regering tegen zal werken als deze autocratisch wordt, dat is zeer de vraag.""",Y,9,2,7,4.5,0.2624,ninazeelen.bsky.social,bnnvara.nl/joop/artikelen/nederland-is-potentieel-autocratischer-dan-de-verenigde-staten,at://did:plc:ayagznj66cdicwhci2vfxitv/app.bsky.feed.post/3mtzzmifjgk2o,at://did:plc:ayagznj66cdicwhci2vfxitv/app.bsky.feed.post/3mu22in6tlk2o
46fb4d2e31cc4a6e,"From Flock to your privacy, at 404 Media, we are particularly focused on doing journalism that has real-world impact. That's all thanks to your continued support.

On Sept. 3rd and 4th, we want you to come party with us to celebrate our third anniversary. Join us: www.404media.co/three-years/",inside look at how the sausage gets made and join us at the party here: www.404media.co/three-years/,X,58,5,53,11.6,0.4341,404media.co,404media.co/three-years,at://did:plc:vcepp6trx4vpe5ourxso4tjl/app.bsky.feed.post/3mu376mf65223,at://did:plc:vcepp6trx4vpe5ourxso4tjl/app.bsky.feed.post/3mu3an6nrc226
26436ca5fcdff0a0,"The move follows the brand's growing pivot away from news and current affairs journalism, and towards celebrity and 'trending' topics. 

📩 Understand more: https://www.wearequeeraf.com/understand-the-lgbtqia-news-what-are-the-challenges-facing-queer-journalism/#%F0%9F%93%B0-pinknews-redundancies","The EHRC code “leaves insufficient scope for service providers to consider whether inclusive arrangements are lawful, justified and appropriate,” UN experts say

Source: https://www.wearequeeraf.com/understand-the-lgbtqia-news-what-are-the-challenges-facing-queer-journalism/#%F0%9F%8C%8D-un-warning",Y,13,4,9,3.25,2.005,wearequeeraf.com,wearequeeraf.com/understand-the-lgbtqia-news-what-are-the-challenges-facing-queer-journalism,at://did:plc:i7aox3qj5gv2bqvlclpwcw5u/app.bsky.feed.post/3mu2vtf2wu62z,at://did:plc:i7aox3qj5gv2bqvlclpwcw5u/app.bsky.feed.post/3mu34kivmye2j
7a180eb5a0aef28e,"『戦争犯罪を罰しなければ国民は過去の犯罪を忘れず、過去に生きることになる。犯罪に対処すれば、国の再建を始められる』

日本がまさにそうなっている。
太平洋戦争の戦争犯罪にきちんと向き合わなかったから、80年経ったのにまだ大日本帝国のままだ。

news.jp/i/1425310523...","『真実が語られるのが重要だ』と言い、『こういうことが起きた』とみんなが承認できる事実認定があれば、市民は前進できる

news.jp/i/1425310523...",X,124,1,123,124.0,0.2678,komainukiratazaka.bsky.social,news.jp/i/1425310523326824480,at://did:plc:3qlbh4vywekida64m3dvna37/app.bsky.feed.post/3mu277n42ik2w,at://did:plc:3qlbh4vywekida64m3dvna37/app.bsky.feed.post/3mu2a4emv7s2w
7a96bdecc4fe6b67,"⭐ Atelier Fabrication de purificateurs d'air !
il aura lieu le samedi 5 septembre au festival #509PPM
🔥 Retrouvez les préventes du festival à prix libre ici : www.helloasso.com/as...","⭐ Table ronde communiquée : ""vivre avec, qui en paie le prix?"" 
Elle aura lieu le le samedi 05 septembre 17h, au festival #509PPM
🔥 Retrouvez les préventes du festival à prix libre ici : www.helloasso.com/as...",Y,24,9,15,2.6667,5.5406,winslowsp.bsky.social,helloasso.com/associations/winslow-sante-publique/evenements/509-ppm-prevention-politique-musique,at://did:plc:eur2p72373ai6zpc3rhzvpsv/app.bsky.feed.post/3mu2mvjjccn25,at://did:plc:eur2p72373ai6zpc3rhzvpsv/app.bsky.feed.post/3mu37hwpek724
a4158652b8d568a0,"TOKYO GAME SHOW 2026
⚙ファルコム出展情報⚙
「空の軌跡 the 2nd」
遊撃士協会TGS支部オープン！

🎁ご来場いただいた方に
「ぷにぷに缶バッジ」をプレゼント
📷原寸大武器と撮影ができるフォトブースも！

▼詳細はこちら
www.falcom.co.jp/sora2/specia...
#TGS2026 #sora2nd #空の軌跡","───────────━
東京ゲームショウ2026
━───────────

『空の軌跡 the 2nd』展示・フォトブースでは、
エステル＆ヨシュアの公式コスプレイヤーとして
kipiさん、おじぎさんが登場します✨

※原寸大武器を手に取って撮影をお楽しみいただくことも可能です📷

出展情報はこちら
▷ www.falcom.co.jp/sora2/specia...
#空の軌跡 #sora2nd #TGS2026",X,13,3,10,4.3333,0.2498,falcom.co.jp,falcom.co.jp/sora2/special/tgs.html,at://did:plc:a62d6gt7y5ya2pkesufdporv/app.bsky.feed.post/3mtzz2pq6y22a,at://did:plc:a62d6gt7y5ya2pkesufdporv/app.bsky.feed.post/3mtzzvjbly225
dfe81560c03d66f8,"Nothing says “we believe in democracy” like trying to scare people out of participating in it. @azsecretary.bsky.social stopped by LS to discuss voter intimidation and the battle to keep elections free and fair.

https://bit.ly/4xkAFUt

Subscribe to watch The @frankfigliuzzi.bsky.social Show","Todd Blanche went from Trump’s defense attorney to the deciding Epstein files redactions.  

https://bit.ly/4xkAFUt

@katiephang.bsky.social stopped by Lincoln Square to discuss the Epstein files and America’s two-tiered justice system with @stevenbeschloss.bsky.social on Six Questions.  Subscribe!",Y,10,4,6,2.5,10.5906,lincolnsquare.media,bit.ly/4xkAFUt,at://did:plc:y6bpqeb35iqkw6bsn3g2j6pz/app.bsky.feed.post/3mtzzl2luvz2w,at://did:plc:y6bpqeb35iqkw6bsn3g2j6pz/app.bsky.feed.post/3mu353cntlt2d
2c6e492f00a9e196,A Navy sailor with two days ashore in nine months found out on a Saturday that Border Patrol had taken his father. His dad was dropping the car off at the mechanic.,"A Senate candidate called Pete Hegseth the unofficial sixth host of ""The Five."" On Fox. To Fox's own audience.

www.dworkinsubstack.com/p/trump-came...",X,28,10,18,2.8,0.019,dworkin.bsky.social,dworkinsubstack.com/p/trump-came-for-shelter-beds-the-airwaves,at://did:plc:t57zckxuo4v6t53fjp7j7mcv/app.bsky.feed.post/3mu34rsxsms2m,at://did:plc:t57zckxuo4v6t53fjp7j7mcv/app.bsky.feed.post/3mu34tu6qu22m
c3484a9e73fb907c,"Huh. Ethan Zuckerman to McGill is a surprise (to me anyway). 

www.theglobeandmail.com/canada/artic...","Had a recent conversation with a prominent science policy person who wondered whether these scholars will remain in Canada or return to the U.S. if/when U.S. politics renormalize. 

Permanent poaching or extended visiting scholars program?

www.theglobeandmail.com/canada/artic...",Y,8,0,8,inf,0.0569,dkmunro.bsky.social,theglobeandmail.com/canada/article-ottawa-taps-64-leading-scientists-and-scholars-to-bolster-canadian,at://did:plc:v62ecyjy45xbh7mlbvwy2g7n/app.bsky.feed.post/3mu2sxq2nss2r,at://did:plc:v62ecyjy45xbh7mlbvwy2g7n/app.bsky.feed.post/3mu2t5tevms2r
a2c9e9571521ab4f,"Com 20 reais, você ajuda a navinha a comprar novas ferramentas pra ampliar a linha de produtos e concorre a premios:","Ajudem a navinha a comprar novos equipamentos e ampliar a linha de produtos! Ao comprar um número na rifa, você concorre a uma arte personalizada e a cadernos da loja
Detalhe: o peixe @137magdiel.bsky.social cedeu os royalties para incluir os cadernos dele e apoiar essa campanha 😍
Obrigada pexe",X,19,4,15,4.75,10.4148,vostok.estudiovostok.com.br,rifa.digital/s/equipamentos-para-o-vostok/rhixF2Y0xDi,at://did:plc:7ysc3kheoofy6xt24qokd4y7/app.bsky.feed.post/3mtzqssgkp223,at://did:plc:7ysc3kheoofy6xt24qokd4y7/app.bsky.feed.post/3mu2tq6pq722r
f8932eb5a9caa8c6,"Wild accusations from Donald Trump and his minions; no facts; no case.  True in court cases, voting allegations, etc... Serial liars
open.substack.com/pub/contrari...","A regime that rails against “DEI,” decries “fake news,” and claims devotion to meritocracy has stocked its ranks with overwhelmingly white, incompetent sycophants who routinely fail to back up outlandish allegations with facts. Result: serial failure and humiliation
open.substack.com/pub/contrari...",Y,65,25,40,2.6,0.0593,jenrubin.bsky.social,open.substack.com/pub/contrarian/p/facts-trump-doesnt-need-no-stinkin?r=230tr,at://did:plc:6uimut56ihor2p6ubnepkudz/app.bsky.feed.post/3mu2tv2hlls2o,at://did:plc:6uimut56ihor2p6ubnepkudz/app.bsky.feed.post/3mu2u3g2zqc2l
a53e79dfff577c65,"She is a paid off flunky for the orange felon. A traitor to Alberta and to Canada. She doesn't deserve this office. Selling out to our enemy is treason. She needs to resign.
Her actions don't lie but she does.
disinfowatch.org/wp-content/u...","Smith is a traitor. She definitely doesn't have any loyalty towards Canada and our other provinces. Is she on our side?
disinfowatch.org/wp-content/u...",X,9,0,9,inf,0.0545,connieskp.bsky.social,disinfowatch.org/wp-content/uploads/2026/05/Alberta-and-Foreign-Interference-Report-Final-052026-web.pdf,at://did:plc:hijbeizbm5ege43fnm6aqhee/app.bsky.feed.post/3mtzrtlkihc2x,at://did:plc:hijbeizbm5ege43fnm6aqhee/app.bsky.feed.post/3mtzrzgt35k2x
e1a589042894448b,"This schematic summarizes what we're trying to get for these families, around 100 people or more in Gaza. They need tarps for shelter, replacement supplies like clothes (EVERYTHING was destroyed, imagine that!!!!), water tanks for the camp to be able to drink, and bathrooms. chuffed.org/project/erc","EMERGENCY 🚨 On Sunday, my friend was wounded in a bombing...the occupation wiped out a displacement camp of 25 families. They have lost EVERYTHING. This is a rapid relief effort for about a hundred people in Gaza.

Any and all boldness, even a dollar, is HOPE! chuffed.org/project/erc",Y,71,10,61,7.1,0.6178,divyampersaud.com,chuffed.org/project/erc,at://did:plc:7vb3nqbwxsgxzvukuddgttrw/app.bsky.feed.post/3mtzqszezuz2i,at://did:plc:7vb3nqbwxsgxzvukuddgttrw/app.bsky.feed.post/3mtzsvciw5s22
721e1de6e3e7b9c5,"""The youngest internet users are reaching a level of social media abstention that approaches that of the oldest age cohorts… This points to a bleak future for social media, but also towards a present where whole vital swathes of the population are definitionally not Extremely Online.""","“The epistemic and financial elite who spend all day online, exposing themselves to a pinhole view of screeching madness, and then using their power to drag that madness offline and into the lives of people who barely use social media.” www.liberalcurrents.com/extremely-on...",X,13,6,7,2.1667,3.026,liberalcurrents.com,liberalcurrents.com/extremely-online-2-0,at://did:plc:ifsuximqaivczh4fie2opnuk/app.bsky.feed.post/3mu2qcyh6cs2x,at://did:plc:ifsuximqaivczh4fie2opnuk/app.bsky.feed.post/3mu32hnaggk2d
a338b21e6c21ce4e," #hwww2-costory

“อย่าไปเล่นกับพวกตัวสกปรกสิโคโค่”

🔁 : ช่วยหาเพื่อน
🤍 : สนใจโค เดี๋ยวก๊อกๆ ไปนะคะ

ดอค : docs.google.com/document/d/1...

(สลิธีรินชั้นปีเดียวกันเนียนรู้จักได้เลยนะคะ ยังไงก็ฝากอีตาคนนิสัยเสียไว้ด้วยค่ะ 🙇🙇 ลูกนิสัยไม่ดีแต่ผปคไม่กัดค่ะ! สัญญา! 😞🤙)","#HWWW2_Pin

“เหม็นสาบเสียจริง”
“ไปให้พ้น”

Yves de Glace (17)
174 / 57 | เลือดบริสุทธิ์ | สลิธีริน ชั้นปีที่ 7

Info 🕊️—  docs.google.com/document/d/1...
dm, rp 24/7",Y,83,32,51,2.5938,0.9696,hwww2-yves.bsky.social,docs.google.com/document/d/1lzOyIyd-d7Zl6NS_T4lkUotyGowWMr-nGO05qupmdZE/edit?usp=drivesdk,at://did:plc:uk4m45qfhdzfim2ckqybtnql/app.bsky.feed.post/3mu2u6gt2y22q,at://did:plc:uk4m45qfhdzfim2ckqybtnql/app.bsky.feed.post/3mu2xghl3m227
5c9c6684eaa1a871,"Three months of Final Fantasy XIV, cut down to 39 minutes of laughter.

Pray, enjoy some Eorzean chuckles, before we begin Endwalker next week, eh? youtu.be/m8fraTW5pDI","So this goes live at 8 AM Pacfiic TIme

youtu.be/m8fraTW5pDI

You should click the bell so you get notified~",X,12,5,7,2.4,9.4037,amtrax.bsky.social,youtu.be/m8fraTW5pDI,at://did:plc:7dktlg2jitmjjfismzyxzq2g/app.bsky.feed.post/3mu2aqfcup224,at://did:plc:7dktlg2jitmjjfismzyxzq2g/app.bsky.feed.post/3mu3abccjsc2m
5cc2340d9451f5ae,"A federal judge ruled the FCC's 100-day silence was itself an answer. The answer was no. Tuesday. In the opinion.

www.dworkinsubstack.com/p/trump-came...","Abdul El-Sayed went on Fox News and told Jesse Watters to his face he hadn't asked a single question about Michigan. Monday night.

www.dworkinsubstack.com/p/trump-came...",Y,31,13,18,2.3846,0.0235,dworkin.bsky.social,dworkinsubstack.com/p/trump-came-for-shelter-beds-the-airwaves,at://did:plc:t57zckxuo4v6t53fjp7j7mcv/app.bsky.feed.post/3mu34jmvffc2m,at://did:plc:t57zckxuo4v6t53fjp7j7mcv/app.bsky.feed.post/3mu34m5jtmc2m
279981655ed06ddf,"Eine Superzelle in Frankreich bei Dole. Wir sind live und berichten auch über die Gewitter-Entwicklung bei uns am Abend und am Freitag.
www.youtube.com/watch?v=OSYM... /LD","Live! Gewitterlage bis Freitag - alle Infos - Blick nach Frankreich!

Gleich gehts los - direkt zum Stream bei Youtube:
www.youtube.com/watch?v=OSYM...
/FR",X,14,4,10,3.5,0.8311,kachelmannwetter.com,youtube.com/watch?v=OSYMM8-wL88,at://did:plc:efq5p3kzojiykjuowfzlaaa7/app.bsky.feed.post/3mu35emgzr22c,at://did:plc:efq5p3kzojiykjuowfzlaaa7/app.bsky.feed.post/3mu3a5ruwqs26
0a298ab0e0cb17f8,"There is only $25 left of Khalil's target today. Please help him reach it.
spot.fund/drb68q8sc","Khalil needs to raise another $140 to pay the rent on his tent today. He cannot raise enough to cover his rent and food and medical bills.  Please help in whatever way you can.
spot.fund/drb68q8sc",Y,18,4,14,4.5,8.9929,mcduff.bsky.social,spot.fund/drb68q8sc,at://did:plc:ajs44axlbhbcfeox6p25cjqs/app.bsky.feed.post/3mu27zsa4bc2p,at://did:plc:ajs44axlbhbcfeox6p25cjqs/app.bsky.feed.post/3mu366mqr2k24
0e3da3b4d99e4d1e,"Country roads, take me home. Studio Ghibli’s beloved classic WHISPER OF THE HEART comes to IMAX in the UK & Ireland starting 16 September!

Tickets on sale now
brnw.ch/21x5fM5","Yoshifumi Kondo’s timeless story of passion and inspiration, WHISPER OF THE HEART opens in IMAX cinemas in the UK & Ireland from 16 September.

Tickets on sale now
brnw.ch/21x5fM5",X,14,5,9,2.8,0.0211,gkids.com,brnw.ch/21x5fM5,at://did:plc:axd6rc7a663r6iua6vh7qfom/app.bsky.feed.post/3mu2zhjnmgk2l,at://did:plc:axd6rc7a663r6iua6vh7qfom/app.bsky.feed.post/3mu2zjrwoyc2l
47a851128ca2d101,"Arrest the current equivalent No 1 villain
Please sign this petition to arrest Netanyahu for war crimes
Please watch ""The Voice of Hind Rajab"" and understand how evil these ppl are
Bring your Kleenex because you'll shed a tear

secure.avaaz.org/campaign/en/...","Please sign this petition calling for Netanyahu's arrest for war crimes
It's already passed the 1 million mark
If you can please watch ""The Voice of Hind Rajab"" and don't forget Kleenex as I guarantee you'll she'd a tear

secure.avaaz.org/campaign/en/...",Y,9,0,9,inf,4.0954,toplandscaper.eurosky.social,secure.avaaz.org/campaign/en/justice_for_hind_rajab_rb_loc?copy=&referer_id=01a042737597752eac9e5b0d98e92f08&share_location=post_action,at://did:plc:gia6fkjy7gi5n7g24nhct4zw/app.bsky.feed.post/3mu2ihx42u225,at://did:plc:gia6fkjy7gi5n7g24nhct4zw/app.bsky.feed.post/3mu2w7dnros2e
cb5272120978471d,"🛎️NNNより【速報】です。

【速報】インフルエンザが早くも流行シーズン入り 過去10年で一番早い流行 北海道
(2026-08-27 16:26) #ニュース

😷感染症情報
🔗https://www.mhlw.go.jp/stf/seisakunitsuite/bunya/kenkou_iryou/kenkou/kekkaku-kansenshou/infulenza/index.html","🛎️FNNより【速報】です。

【速報】インフルエンザ_札幌市で早くも”流行入り”発表_過去10年で最も早く_定点あたり1.12に_北海道も過去最速で流行入り_感染対策呼びかけ〈北海道札幌市〉<br />
(2026-08-27 17:00) #ニュース

😷感染症情報
🔗https://www.mhlw.go.jp/stf/seisakunitsuite/bunya/kenkou_iryou/kenkou/kekkaku-kansenshou/infulenza/index.html",X,12,4,8,3.0,0.5725,sokuho.news,mhlw.go.jp/stf/seisakunitsuite/bunya/kenkou_iryou/kenkou/kekkaku-kansenshou/infulenza/index.html,at://did:plc:flczgiu3a2jqmqlk54qnbf4c/app.bsky.feed.post/3mu2d2knwlh2d,at://did:plc:flczgiu3a2jqmqlk54qnbf4c/app.bsky.feed.post/3mu2exydval24
e658351a05104adb,"THIS IS STILL FUCKING NEEDED! IT'S JUST $60 FFS. 3 PEOPLE MATCHING MY $20 FROM EARLIER WOULD CLEAR THIS! HELP THEM!

paypal.me/LuneFae
cash.app/$RainLune93

#MutualAid #LGBTQMA #HelpFolksLive2026 #emergencyMA #disabilityMA #MutualAidSavesLives #DirectAidSavesLives #HelpSky #SkyAid 💕💸🏳️‍⚧️♿🚨‼️","This is at $20/$60 right now! Two matches of $20 or 4 matches of $10 clears this! HELP THEM

paypal.me/LuneFae
cash.app/$RainLune93

#MutualAid #LGBTQMA #HelpFolksLive2026 #emergencyMA #disabilityMA #MutualAidSavesLives #DirectAidSavesLives #HelpSky #SkyAid 💕💸🏳️‍⚧️♿🚨‼️",Y,10,5,5,2.0,1.0367,sparkshocker.bsky.social,cash.app/$RainLune93,at://did:plc:dy5gzjwxey5agldgerrdaxja/app.bsky.feed.post/3mtzsl6orc22r,at://did:plc:dy5gzjwxey5agldgerrdaxja/app.bsky.feed.post/3mtzw2fznws2r
074cc97adfff44ad,"40 / 158 ➡️ HOTEL DUE 11AM ET

break the halt for sabi & elderly mom, 
they *cannot* end up on the streets!

people matter.
so does action.
be a lifeline. 💸💕

ko-fi.com/sabilewsounds
paypal.me/SabiLewSounds
Linktree: sabilewsounds
🐇
venmo.com/toadlyturtle
cash.app/toadlyturtle
*Add note* ""Sabi""",""" Today's hotel stands at 40 unmet‼️

Sabina & elderly mom's hotel due 11AM ET‼️ ""

ko-fi.com/sabilewsounds
paypal.me/SabiLewSounds
linktr.ee/sabilewsounds
🐇
venmo.com/toadlyturtle
cash.app/$toadlyturtle
*Add note* ""Sabi""

action matters.
people do too.
be a lifeline. 💸💕",X,9,4,5,2.25,9.2119,midnight0wl.bsky.social,venmo.com/toadlyturtle,at://did:plc:jwsylb6dmzjkikmnjncrjc4f/app.bsky.feed.post/3mtzzxumpas2j,at://did:plc:jwsylb6dmzjkikmnjncrjc4f/app.bsky.feed.post/3mu2yu74kis2e
274aca8ec9db3ed4,"Watch me get pounded deep and raw by this huge cock, begging for more of that hot cum!"" 😈🍆💦

Warning: it s addictive 🥵😵 https://xcit.top/xxltwinks 
#twink #gayporn ","Hard and desperate for daddy's cock, this twink slut will do anything to get fucked raw. #submissivetwink #filthyfuckto

Warning: it s addictive 🥵😵 https://xcit.top/xxltwinks 
#twink #gayporn ",Y,13,0,13,inf,1.0053,xxltwinks.bsky.social,xcit.top/xxltwinks,at://did:plc:i3da53ktqoedmzsju57lo2ud/app.bsky.feed.post/3mu2sik3kxp2q,at://did:plc:i3da53ktqoedmzsju57lo2ud/app.bsky.feed.post/3mu2vufm6jy26
a59550a9d61d1a37,"Emmanuel Macron, Yaël Braun-Pivet et Gérard Larcher minimisent le scandale Epstein. OFF a enquêté sur les relations embarrassantes du prédateur sexuel américain avec le monde du renseignement. C’est notre nouveau docu : « Epstein, prédateur et espion ». ⤵️","🗣️ ""Il y a en France une sorte de culture du viol""

De Jack Lang à la banquière Ariane de Rothschild, en passant par un ancien conseiller de Nicolas Sarkozy, découvrez les VIP français qui fréquentaient Jeffrey Epstein.

🎬 « EPSTEIN, prédateur et espion »
➡️ off-investigation.fr/jeffrey-epst...",X,113,17,96,6.6471,3.9824,offinvestigation.bsky.social,off-investigation.fr/jeffrey-epstein-predateur-sexuel-et-espion,at://did:plc:mpfh5hnnqfowzzfb7sbutv3i/app.bsky.feed.post/3mu2inbycas2j,at://did:plc:mpfh5hnnqfowzzfb7sbutv3i/app.bsky.feed.post/3mu2vykm3xs2x
60f9e58294508d50,"Mike Rogers' opponent went on Fox News and called him ""a beta."" On their own air. Monday night.

www.dworkinsubstack.com/p/trump-came...","Abdul El-Sayed went on Fox News and told Jesse Watters to his face he hadn't asked a single question about Michigan. Monday night.

www.dworkinsubstack.com/p/trump-came...",Y,31,7,24,4.4286,0.027,dworkin.bsky.social,dworkinsubstack.com/p/trump-came-for-shelter-beds-the-airwaves,at://did:plc:t57zckxuo4v6t53fjp7j7mcv/app.bsky.feed.post/3mu34m5jtmc2m,at://did:plc:t57zckxuo4v6t53fjp7j7mcv/app.bsky.feed.post/3mu34p273ck2m
20f62c2f69d5d853,"“The Charlie Kirk situation caused … institutions to completely have this meltdown of cowardice, fear, temporary insanity. Now, they’re facing the year-long Charlie Kirk hangover.""","""Without the union, you’re naked. You have no protection."" 

How @karenattiah.bsky.social fought the Washington Post—and won",X,364,48,316,7.5833,3.0729,motherjones.com,motherjones.com/politics/2026/08/karen-attiah-washington-post-charlie-kirk-reinstated,at://did:plc:qobvnkudcv3zlaklxxjduqoi/app.bsky.feed.post/3mu2xfdrpky2r,at://did:plc:qobvnkudcv3zlaklxxjduqoi/app.bsky.feed.post/3mu3bowqcbc2j
5d61e3c5c40827b4,"🛎️NNNより【速報】です。

【速報】福岡市でインフルエンザ流行入り 去年より2週間ほど早く
(2026-08-27 16:15) #ニュース

😷感染症情報
🔗https://www.mhlw.go.jp/stf/seisakunitsuite/bunya/kenkou_iryou/kenkou/kekkaku-kansenshou/infulenza/index.html","🛎️NNNより【速報】です。

【速報】インフルエンザが早くも流行シーズン入り 過去10年で一番早い流行 北海道
(2026-08-27 16:26) #ニュース

😷感染症情報
🔗https://www.mhlw.go.jp/stf/seisakunitsuite/bunya/kenkou_iryou/kenkou/kekkaku-kansenshou/infulenza/index.html",Y,12,0,12,inf,0.177,sokuho.news,mhlw.go.jp/stf/seisakunitsuite/bunya/kenkou_iryou/kenkou/kekkaku-kansenshou/infulenza/index.html,at://did:plc:flczgiu3a2jqmqlk54qnbf4c/app.bsky.feed.post/3mu2chkwceg2d,at://did:plc:flczgiu3a2jqmqlk54qnbf4c/app.bsky.feed.post/3mu2d2knwlh2d
15910fb0a38b862a,"🔴 ‘Un hecho notorio en Elche: jueces y fiscales existen para cuestionar hasta la última coma lo que dice la Policía’, por Jordi Nieva-Fenoll, catedrático de Derecho Procesal","Tribuna | ""Jueces y fiscales existen para cuestionar hasta la última coma lo que dice la Policía, tanto en la vertiente jurídica como en el relato de lo que ha sucedido"", por Jordi Nieva-Fenoll elpais.com/opinion/20…",X,8,1,7,8.0,4.3964,elpais.com,elpais.com/opinion/2026-08-27/un-hecho-notorio-en-elche.html,at://did:plc:u6mkbcgviwlbhuwqirmhcgu3/app.bsky.feed.post/3mu2t7dkib52e,at://did:plc:u6mkbcgviwlbhuwqirmhcgu3/app.bsky.feed.post/3mu3bx2c2rz2t
484f076badb2d65a,"“The epistemic and financial elite who spend all day online, exposing themselves to a pinhole view of screeching madness, and then using their power to drag that madness offline and into the lives of people who barely use social media.” www.liberalcurrents.com/extremely-on...","""To be Extremely Online is to believe that social media is showing you the entirety of the real world—or the only bits of the real world that matter… It is not merely about hanging out somewhere, but acting a certain way, developing a habitus of internet bullshit.""",Y,23,6,17,3.8333,0.767,liberalcurrents.com,liberalcurrents.com/extremely-online-2-0,at://did:plc:ifsuximqaivczh4fie2opnuk/app.bsky.feed.post/3mu2nqpccns2j,at://did:plc:ifsuximqaivczh4fie2opnuk/app.bsky.feed.post/3mu2qcyh6cs2x
2ed43a45e92dddc5,"A federal appeals judge summed up the Trump regime's entire legal defense in one sentence: ""the President made us do this."" Tuesday. Page eight of the ruling.

www.dworkinsubstack.com/p/trump-came...","Trump's FCC tried to hand Republican committees the ad discount Congress wrote for candidates. A federal court killed it Tuesday. Nine days before it started.

www.dworkinsubstack.com/p/trump-came...",X,105,23,82,4.5652,0.0434,dworkin.bsky.social,dworkinsubstack.com/p/trump-came-for-shelter-beds-the-airwaves,at://did:plc:t57zckxuo4v6t53fjp7j7mcv/app.bsky.feed.post/3mu342fj4dk2m,at://did:plc:t57zckxuo4v6t53fjp7j7mcv/app.bsky.feed.post/3mu3472gy5k2m
f3c2999a80704a8b,"Lina is struggling to care for her family, including her severely injured husband Mahmoud who's at risk of amputation, her mother-in-law with bone cancer, & her sick daughters. Her husband Mahmoud is in great danger, & urgently needs unaffordable healthcare:",Mahmoud is at the risk of losing his life if he doesn't get treatment soon. His wife Lina is struggling to care for him and their children and family as Israel's genocidal siege continues to starve them & keep healthcare scarce & unaffordable. Please share & give to help:,Y,68,1,67,68.0,4.7561,indrapramitdas.bsky.social,chuffed.org/project/omshamm,at://did:plc:k6syqg577dr3nyrsevahuqmj/app.bsky.feed.post/3mu2hduoe3k2a,at://did:plc:k6syqg577dr3nyrsevahuqmj/app.bsky.feed.post/3mu2xc5gask2g
5d8a1bfafe789be8,"#FREE #FREE #FREE

Like Bottled Fire. Dominic Piper.

""A savvy and exciting reading experience.""

mybook.to/LikeBottledF...

#FREE #DanielBeckett #PrivateInvestigator #MustRead #Rome #ShortStory #Thriller #Prequel #BritishDetectives #CrimeFiction #FreeBooks","#FREE #FREE #FREE

Like Bottled Fire. Dominic Piper.

""A cinematic experience from beginning to end: a quick read that immerses you in the enticing, perilous world of private investigator Daniel Beckett."" - Patricia Furstenberg, author.

mybook.to/LikeBottledF...

#DanielBeckett #Rome #Thriller",X,12,6,6,2.0,0.6077,dominicpiper.bsky.social,mybook.to/LikeBottledFire,at://did:plc:txlzectspmjxs62oo7gy2tef/app.bsky.feed.post/3mu2mgt7pik2x,at://did:plc:txlzectspmjxs62oo7gy2tef/app.bsky.feed.post/3mu2ohzi3jk2x
27e6e686603dfbca,"Surrender your twink hole to my raw cock and let me claim you as mine.

Warning: it s addictive 🥵😵 https://xcit.top/xxltwinks 
#twink #gayporn ","Hard and desperate for daddy's cock, this twink slut will do anything to get fucked raw. #submissivetwink #filthyfuckto

Warning: it s addictive 🥵😵 https://xcit.top/xxltwinks 
#twink #gayporn ",Y,13,1,12,13.0,1.0021,xxltwinks.bsky.social,xcit.top/xxltwinks,at://did:plc:i3da53ktqoedmzsju57lo2ud/app.bsky.feed.post/3mu2vufm6jy26,at://did:plc:i3da53ktqoedmzsju57lo2ud/app.bsky.feed.post/3mu2z7w4kys2a
e388af451a80832a,"Please share 🚨 A displacement camp was bombed a few days ago, leaving 25 families with NOTHING.

We do not have the choice to look away here. I'm working with a volunteer in the camp to coordinate relief. Every little bit helps these families survive: chuffed.org/project/erc",chuffed.org/project/erc,X,12,4,8,3.0,0.2838,divyampersaud.com,chuffed.org/project/erc,at://did:plc:7vb3nqbwxsgxzvukuddgttrw/app.bsky.feed.post/3mu2uszrsek2z,at://did:plc:7vb3nqbwxsgxzvukuddgttrw/app.bsky.feed.post/3mu2vrnlcn226
b38fa3b71baf3620,"Si además de firmar enviáis un correo al INAGA (Instituto de Gestión Ambiental de Aragón) la tierra os lo agradecerá. Ya paramos entre todos un festival parecido en público y organización -Festival Sizigia-

inaga@aragon.es

secure.avaaz.org/community_pe...","Por favor, si podéis firmar esto os lo agradecería. Es un festival para recreo de g3nocid4s y encima, en el Pirineo que sigue ardiendo. 

secure.avaaz.org/community_pe...",Y,341,9,332,37.8889,1.155,vegaparticular.bsky.social,secure.avaaz.org/community_petitions/en/ayuntamiento_de_baldellou_cancelacion_urgente_festival_own_spirit,at://did:plc:cfqyyqvek7thvj7qbtbr5gbr/app.bsky.feed.post/3mu2mp27ebk2n,at://did:plc:cfqyyqvek7thvj7qbtbr5gbr/app.bsky.feed.post/3mu2qkxinck23
775592bb2e42507b,"Please sign this petition calling for Netanyahu's arrest for war crimes
It's already passed the 1 million mark
If you can please watch ""The Voice of Hind Rajab"" and don't forget Kleenex as I guarantee you'll she'd a tear

secure.avaaz.org/campaign/en/...","Arrest the current equivalent No 1 villain
Please sign this petition to arrest Netanyahu for war crimes
Please watch ""The Voice of Hind Rajab"" and understand how evil these ppl are
Bring your Kleenex because you'll shed a tear

secure.avaaz.org/campaign/en/...",X,9,0,9,inf,3.9629,toplandscaper.eurosky.social,secure.avaaz.org/campaign/en/justice_for_hind_rajab_rb_loc?copy=&referer_id=01a042737597752eac9e5b0d98e92f08&share_location=post_action,at://did:plc:gia6fkjy7gi5n7g24nhct4zw/app.bsky.feed.post/3mu2ihx42u225,at://did:plc:gia6fkjy7gi5n7g24nhct4zw/app.bsky.feed.post/3mu2vr4p5pk2e
efba72d30145fc8a,IMPORTANT NEW STORY: These Local Jails Were Supposed to Detain Immigrants for Only 72 Hours. One Woman Was Held for a Total of 26 Days. @marioarizabaez.bsky.social @hannahbeckler.bsky.social @libbyseline.bsky.social,"This is wild. In late 2025, federal and state officials kept a Mexican woman in custody for almost a month by repeatedly rebooking her just before her 72-hour time limit ran out. www.propublica.org/article/immi...",Y,336,16,320,21.0,0.0633,charlesornstein.bsky.social,propublica.org/article/immigrants-rebooking-ice-jails-florida,at://did:plc:sblju4a66qwthmosnm4m7k4e/app.bsky.feed.post/3mu34ufg6ec2s,at://did:plc:sblju4a66qwthmosnm4m7k4e/app.bsky.feed.post/3mu3536n23s2u
fd816af874e8a430,EMILYs List Endorses @bethmacy.bsky.social for Virginia's 6th Congressional District in the Fight to Take Back the U.S. House Majority bluevirginia.us/2026/08/thur...,"SOOOOO true - misinformation, disinformation, ignorance, idiocy, trolling, rage baiting, etc. are rampant on social media, and there are no ""gatekeepers"" to stop it. And no, serious discussion/debate can't really exist in this environment. bluevirginia.us/2026/08/thur...",X,12,1,11,12.0,0.9737,bluevirginia.bsky.social,bluevirginia.us/2026/08/thursday-8-27-news-roundup-climate-crisis-likely-contributed-to-nepal-glacier-collapse-disaster-ratcliffe-went-to-moscow-to-warn-putin,at://did:plc:mlan7kocyn37uzb25btjt2cc/app.bsky.feed.post/3mu2zytjelk2x,at://did:plc:mlan7kocyn37uzb25btjt2cc/app.bsky.feed.post/3mu35bcfzlk2p
d21359aaffb4d2a0,"Aug 27 8AM EDT: NHC is monitoring an area in the tropical Atlantic that has a high chance (90%) of development. If the current trends continue, advisories could be initiated on a short-lived tropical storm later today. For the latest information visit t.co/GrztW6mQJV

🔗 hurricanes.gov","11 AM AST Thu Aug 27 (Advisory 1) Key Messages for Tropical Storm #Dolly. Latest info: t.co/GrztW6mQJV

11 AM AST jueves 27 de agosto (Aviso 1) Mensajes clave sobre la tormenta tropical #Dolly. Más información: t.co/GrztW6mQJV

🔗 hurricanes.gov",Y,12,6,6,2.0,2.9773,nhc-atlantic.extwitter.link,t.co/GrztW6mQJV,at://did:plc:54g3g4zsuuaub7j4vx6ij3zg/app.bsky.feed.post/3mu2su3hnjw2a,at://did:plc:54g3g4zsuuaub7j4vx6ij3zg/app.bsky.feed.post/3mu34tjexbw2t
3e0e5d764764668a,"We know the Kremlin doesn’t answer to its people, yet assume it cares for them.
Moscow has spent 5 centuries proving otherwise.
Under tsars, commissars and kleptocrats, it sacrificed russian lives to hold colonial possessions from Kamchatka to Kaliningrad
My latest ⤵️
thehill.com/opinion/inte...","A Pew poll finds 2/3 of Americans lack confidence in Trump’s handling of russia’s war
83% view the aggressor unfavorably
But sanctions, even if they pass the House, accomplish little without a clear purpose, which must be to render 🇷🇺’s grievance-fueled predation impotent
thehill.com/opinion/inte...",X,37,2,35,18.5,0.3425,andrewchak.bsky.social,thehill.com/opinion/international/6051039-senate-passes-graham-sanctions,at://did:plc:syfp4fi6s6oijh7be6qfjhfv/app.bsky.feed.post/3mu35ir2cw22l,at://did:plc:syfp4fi6s6oijh7be6qfjhfv/app.bsky.feed.post/3mu36nisvak27
8b4bf261282fe1a3,"One of East Coast’s largest data centers accused of ‘violating federal law’
🗞️ floodlightnews.org/new-jersey-d...","NEW: Thermal drone footage shows the Microsoft-backed DataOne AI data center in Vineland, NJ is running dozens of gas generators.

None of them have permits.

A Floodlight visual investigation with @us.theguardian.com:",Y,1203,1,1202,1203.0,1.6877,floodlightnews.org,floodlightnews.org/new-jersey-data-center-federal-violation,at://did:plc:jyhnnepeeg2ola7fkgt2yjln/app.bsky.feed.post/3mu346btmye2j,at://did:plc:jyhnnepeeg2ola7fkgt2yjln/app.bsky.feed.post/3mu3bte5xnt2t
f96eb0ad1cb842f4,"Anda #MorenoBonilla dando la turra con reactivar la unidad de élite de la Guardia Civil cuyo exjefe, precisamente, será juzgado este otoño por su compadreo con los clanes de la droga del Estrecho. 
Y hay más... te lo cuento hoy en @publico.es 
 www.publico.es/opinion/colu...","Con #Andalucía a la cabeza de toda España en asesinatos machistas, #MorenoBonilla no se ha acercado ni de lejos al nivel de turra que da con la unidad de élite contra el narcotráfico. Es evidente el por qué... Ya lo era antes de someterse a Vox. www.publico.es/opinion/colu...",X,23,3,20,7.6667,4.2085,dbollero.bsky.social,publico.es/opinion/columnas/moreno-bonilla-oculta-lucha-narcotrafico.html?via=publico_es,at://did:plc:jqxy4e3h3mv67jqplysbwsch/app.bsky.feed.post/3mu22dgicj22m,at://did:plc:jqxy4e3h3mv67jqplysbwsch/app.bsky.feed.post/3mu2igxe44c2f
8ebd21e36cf9c7a1,after 3 years of living in my apartment I have discovered I don't have to get on the highway to get downtown and it takes me the same amount of time,just realized taran is going to have to give yash and barrett their flowers now #bb28,Y,13,0,13,inf,11.6927,jurymgmt.bsky.social,static.klipy.com/ii/935d7ab9d8c6202580a668421940ec81/1e/f5/HWbQHmuW.gif?hh=161&mp4=v6DnYV7n&webm=vZTSvtp0ysiT04f2Y&ww=220,at://did:plc:yjzbwtf5ikxxifew7yrycxff/app.bsky.feed.post/3mtzsi7uohs2l,at://did:plc:yjzbwtf5ikxxifew7yrycxff/app.bsky.feed.post/3mu2zopl4uc2l
2742ad35ddf29400,"The Cloth Trows Kickstarter is live!

I hope you like them. I'm really happy with how they've turned out and really want to get them out into the world!

Please do take a wee look. All pledges, shares, likes and comments much appreciated.

kickstarter.com/projects/statuesque/cloth-trows","Unsuccessfully trying to avoid looking at Kickstarter (it's passed the funding goal - thanks all!) by painting some cloth trows.

They're denim, I guess.

kickstarter.com/projects/statuesque/cloth-trows",X,30,9,21,3.3333,1.912,statuesque.bsky.social,kickstarter.com/projects/statuesque/cloth-trows,at://did:plc:phwutxn6uq452kifa3ur7g5g/app.bsky.feed.post/3mu2p2ubk7s2d,at://did:plc:phwutxn6uq452kifa3ur7g5g/app.bsky.feed.post/3mu2vhyqoq22d
87e490c77cdbc2d6,"On joue quand❓❓❓
🔞🔞🔥🔥⤵️⤵️
Hunqz.com/escort/Mekcho0…","Bonne journée ! 🍆🔥🍆
⤵️⤵️⤵️
Hunqz.com/escort/Mekcho0…",Y,9,3,6,3.0,5.6616,mekcho92.bsky.social,hunqz.com/escort/Mekcho0…,at://did:plc:wk2puenzix7sxrcfsp4ez7ad/app.bsky.feed.post/3mu27ucwfjk2h,at://did:plc:wk2puenzix7sxrcfsp4ez7ad/app.bsky.feed.post/3mu2stqdyes2q
75a01947fc733bf7,"nationalsustainabilitynews.co.uk/Scientists-c... 
Only minority of scientists want Rosebank consented with/without CCS.  See why this doesn't add up 🧵below

Pls write to your MP & Miatta Fahnbulleh asking her to reject Rosebank and this carbon storage obligation proposal
@georgemonbiot.bsky.social","nationalsustainabilitynews.co.uk/Scientists-c... 
Few scientists want Rosebank consented with/without CCS.  See why this doesn't add up 🧵below

You can write to your MP & Miatta Fahnbulleh asking her to reject Rosebank and this CCS proposal here 👉 docs.google.com/document/d/1...

Please do it now!",X,11,1,10,11.0,3.5611,drandrewboswell.bsky.social,nationalsustainabilitynews.co.uk/Scientists-carbon-obligations-rosebank.php,at://did:plc:ptqsmvmjxpzupiuch6sx6xey/app.bsky.feed.post/3mu27hjf5ec2u,at://did:plc:ptqsmvmjxpzupiuch6sx6xey/app.bsky.feed.post/3mu2lfle7vc2y
07c356ded676bd2a,"In one case, a test driver reported that the car “suddenly backed up” while parking itself and “whipped the steering wheel,” catching his left hand and bending it “to the point he heard a crack in his wrist.” The employee spent more than two months away from work as a result.","New investigation from me: Waymo and Zoox test drivers were injured dozens of times across 2024/2025 as a result of harsh braking -- often for no apparent reason -- or erratic movement by the autonomous vehicles.

More on @techcrunch.com but a short thread below.

techcrunch.com/2026/08/27/s...",Y,14,1,13,14.0,2.2553,okane.fyi,techcrunch.com/2026/08/27/sprains-pain-and-whiplash-waymo-and-zoox-test-drivers-are-getting-hurt-as-robotaxis-scale,at://did:plc:4jphg72g3zncjlbpvvagqvbs/app.bsky.feed.post/3mu33bonmw324,at://did:plc:4jphg72g3zncjlbpvvagqvbs/app.bsky.feed.post/3mu3ctnudem2k
b7fa8b3f3e827ae2,"〈「クラスメイトを盗撮したら500円」〉子どもを性加害者にする“大人の誘惑”…お小遣い稼ぎからハマる「デジタル性暴力」の引力 |
shueisha.online/articles/-/2...

斉藤　意図せぬ形で盗撮や児童ポルノ、性的ディープフェイクの消費者になってしまうわけですね。

永守　この構図は、Xだけでみられるわけではありません。たとえば、オンラインゲームの情報交換で頻繁に使われるトークアプリ「Discord」においても同様です。子どもが「ゲームの裏技を知りたい」と思って入ったDiscord内のコミュニティで、性的なコンテンツを扱うサイトへのリンクが貼られていたりするんです。","〈「クラスメイトを盗撮したら500円」〉子どもを性加害者にする“大人の誘惑”…お小遣い稼ぎからハマる「デジタル性暴力」の引力 | 2026.08.26
shueisha.online/articles/-/2...

""卒業アルバムや学校行事、SNSに投稿された何気ない写真から、AIで偽の性的画像を作る「性的ディープフェイク」が中高生、さらには小学生にまで広がっている。（中略）
ステルス性暴力”の実態と、消すことのできない「デジタルタトゥー」が子どもたちに残す深刻な傷とは。性加害者の治療に携わる斉藤章佳氏と、ネットパトロールボランティア団体「ひいらぎネット」代表の永守すみれ氏が語った""",X,23,0,23,inf,9.7032,kakuri.bsky.social,shueisha.online/articles/-/258476,at://did:plc:hz2vuqu4jqvzzdtmasnojxnb/app.bsky.feed.post/3mtzzaqkysc2u,at://did:plc:hz2vuqu4jqvzzdtmasnojxnb/app.bsky.feed.post/3mu2zrruwus2j
4b1c4a3a6cd12275,"A federal judge blocked Trump's mail ballot rule twice. Both blocks are gone. Within 48 hours.

Ballots start mailing in 9 days. Congress is what's left.

EMERGENCY LETTER: tinyurl.com/3f3m728j","🚨 9 DAYS 🚨

That's how long until the first mail ballots go out under a rule a federal judge said was written ILLEGALLY.

Nine days. Thirty seconds. Do it now.

👉 tinyurl.com/3f3m728j",Y,69,33,36,2.0909,0.3491,dworkin.bsky.social,tinyurl.com/3f3m728j,at://did:plc:t57zckxuo4v6t53fjp7j7mcv/app.bsky.feed.post/3mu2rr25pkk2m,at://did:plc:t57zckxuo4v6t53fjp7j7mcv/app.bsky.feed.post/3mu2swiolkc2m
280df8f69530fd04,"Wanna take me for a spin? 

Then cum play 😈

I'm live now 🤭

Chaturbate.com/julesssnextdoor","Anyway, I'm sucking a dildo live rn if you wanna watch 🤭🤭

Chaturbate.com/julesssnextdoor",X,57,0,57,inf,2.848,julesssnextdoor.bsky.social,chaturbate.com/julesssnextdoor,at://did:plc:ruoxyu6lf4rjzec7ucof6vrv/app.bsky.feed.post/3mu23yggd5227,at://did:plc:ruoxyu6lf4rjzec7ucof6vrv/app.bsky.feed.post/3mu2fjy6mw22v
676065ef06a2a060,Border Patrol took a deployed Navy sailor's father at a traffic stop in Key West. Three days later they let him go. Homeland Security still won't say why they did either one.,"A federal appeals judge summed up the Trump regime's entire legal defense in one sentence: ""the President made us do this."" Tuesday. Page eight of the ruling.

www.dworkinsubstack.com/p/trump-came...",Y,105,26,79,4.0385,0.025,dworkin.bsky.social,dworkinsubstack.com/p/trump-came-for-shelter-beds-the-airwaves,at://did:plc:t57zckxuo4v6t53fjp7j7mcv/app.bsky.feed.post/3mu33xpnap22m,at://did:plc:t57zckxuo4v6t53fjp7j7mcv/app.bsky.feed.post/3mu342fj4dk2m
3be26f63284ddb54,"For nearly a month, the key force standing in the way of Trump’s border wall project in southeast Arizona has been a person sitting in a 200-year-old tree... And a growing encampment below... latest @theintercept.com theintercept.com/2026/08/27/t...","A single tree sit harnessed a cross-border movement to defend the Arizona borderland ecology. So far, the activists are blocking Trump’s wall. @theintercept.com theintercept.com/2026/08/27/t...",X,9,3,6,3.0,0.1989,natashalennard.bsky.social,theintercept.com/2026/08/27/trump-us-mexico-border-wall-tree-sit-arizona,at://did:plc:i5sk7zx23dffzqsxafl76hqw/app.bsky.feed.post/3mu3awqm2e22k,at://did:plc:i5sk7zx23dffzqsxafl76hqw/app.bsky.feed.post/3mu3bm3mcqk2k
f4087b097869875b,"nationalsustainabilitynews.co.uk/Scientists-c... 
Few scientists want Rosebank consented with/without CCS.  See why this doesn't add up 🧵below

You can write to your MP & Miatta Fahnbulleh asking her to reject Rosebank and this CCS proposal here 👉 docs.google.com/document/d/1...

Please do it now!","nationalsustainabilitynews.co.uk/Scientists-c... 
Only minority of scientists want Rosebank consented with/without CCS.  See why this doesn't add up 🧵below

Pls write to your MP & Miatta Fahnbulleh asking her to reject Rosebank and this carbon storage obligation proposal
@georgemonbiot.bsky.social",Y,11,5,6,2.2,1.543,drandrewboswell.bsky.social,nationalsustainabilitynews.co.uk/Scientists-carbon-obligations-rosebank.php,at://did:plc:ptqsmvmjxpzupiuch6sx6xey/app.bsky.feed.post/3mu27hjf5ec2u,at://did:plc:ptqsmvmjxpzupiuch6sx6xey/app.bsky.feed.post/3mu2en2q6sk2y
f6ab372d484347df,"Meet the creative team behind our Curupira story!

@iamrodrigo.bsky.social, @rolinmari.bsky.social and @aileencudmore.bsky.social are teaming up to tell a story of one of Brazil's cryptids in Bump in the Night.

Back the book here: zoop.gg/c/bumpinthen...","We have to be loud about this for the foreseeable, because social media doesn't always like crowdfunding.

Bump in the Night is our eco-horror cryptid anthology, and it needs your help getting funded!

zoop.gg/c/bumpinthen...

We're 6 backers away from 50!",X,11,5,6,2.2,2.6509,limitbreakcomics.bsky.social,zoop.gg/c/bumpinthenight,at://did:plc:mzq2thimnfznetmhyivc6bsc/app.bsky.feed.post/3mu2u4qhmuk2f,at://did:plc:mzq2thimnfznetmhyivc6bsc/app.bsky.feed.post/3mu34z5r5f22o
a5cc1c008d2b4501,"From espresso to evening walks, some of the best things start with E! 

But the absolute best? The EveryDoctor community standing together for NHS staff and patients.

Become a monthly donor today: everydoctor.eaction.org.uk/save-the-nhs...","The NHS is at a breaking point, but collective pressure works. 

We’ve made it effortless to demand action from Yvette Cooper. 

Send our letter today: everydoctor.eaction.org.uk/save-the-nhs...

Together, we won't be ignored.",Y,15,6,9,2.5,6.0805,everydoctor.org.uk,everydoctor.eaction.org.uk/save-the-nhs-write-to-yvette-cooper,at://did:plc:x3yhyw5sdhzk4w7f7vh2fhnt/app.bsky.feed.post/3mu2lsuiky52y,at://did:plc:x3yhyw5sdhzk4w7f7vh2fhnt/app.bsky.feed.post/3mu3a7acxwp2a
de77f050895493a3,"O ministro bolsonarista André Mendonça reclamou do salário que recebe no STF. 
A vida está muito difícil para o André Mendonça🤡.
revistaforum.com.br/brasil/andre...

Além do salário do STF, André Mendonça fatura milhões em dinheiro público com o seu Instituto Iter. 👇🏾

""Ô, coitado!""😜
1/2⤵️","Com salário de quase R$ 60 mil, André Mendonça reclama: “condição média” de vida.
O bolsonarista de toga classificou remuneração da Corte como de ""classe b""; dados oficiais mostram que ele recebeu mais de R$ 182mil líquidos nos primeiros 7 meses do ano.
📰 revistaforum.com.br/brasil/andre...

Sheila🎥",X,10,4,6,2.5,1.1279,marcianobrito.bsky.social,revistaforum.com.br/brasil/andre-mendonca-salario-media,at://did:plc:dk644jtqur3mvxphdwuawi25/app.bsky.feed.post/3mu32naylrc25,at://did:plc:dk644jtqur3mvxphdwuawi25/app.bsky.feed.post/3mu36gbcc2c26
f4624eaee6ddaaac,"New KFF polling shows LGBTQ+ adults face greater challenges in accessing & affording health care compared to their non-LGBTQ+ peers.

Cost challenges are especially high for trans adults and LGBTQ+ adults who are younger, those with lower incomes & those without insurance: https://on.kff.org/4y0pRuZ","4 in 10 LGBTQ+ adults — including 6 in 10 trans adults — say that their insurer delayed or denied needed care in the past two years. That compares to 1 in 4 non-LGBTQ+ adults. 
 
Our new poll has the details: https://on.kff.org/4y0pRuZ",Y,16,4,12,4.0,1.8334,kff.org,on.kff.org/4y0pRuZ,at://did:plc:zpwka3ky6phhcwmwor4tu5xj/app.bsky.feed.post/3mu32mg47ql2z,at://did:plc:zpwka3ky6phhcwmwor4tu5xj/app.bsky.feed.post/3mu3ar4ghjm2r
c9ebcf9e1321b026,"ICYMI, a whole displacement camp was destroyed on Sunday and the families need help ASAP 🙏🏾 

I'm working with a volunteer on the ground, a very dear friend who was wounded in that bombing. The families need essential supplies for shelter, water, and hygiene. chuffed.org/project/erc",chuffed.org/project/erc,X,22,4,18,5.5,1.7107,divyampersaud.com,chuffed.org/project/erc,at://did:plc:7vb3nqbwxsgxzvukuddgttrw/app.bsky.feed.post/3mu2p3iqgpi2u,at://did:plc:7vb3nqbwxsgxzvukuddgttrw/app.bsky.feed.post/3mu2uszrsek2z
320dc0d615cc1c3a,"«Lo que ha logrado la mujer saharaui hasta hoy es un motivo de celebración, a pesar de que seguimos teniendo muchos desafíos», explica la bioquímica Abida Mohamed Buzeid.

✍️ Un reportaje de @patriciasimon.bsky.social
","La supresión de las ayudas de la agencia estadounidense USAID y los recortes en las ayudas a la cooperación de Europa han agravado la crisis humanitaria que sufre el pueblo saharaui exiliado desde hace medio siglo. 
Por @patriciasimon.bsky.social
",Y,11,4,7,2.75,5.0071,lamarea.com,lamarea.com/2026/08/26/mujeres-saharauis,at://did:plc:qc3al5f4zcp4h4trgrzntvby/app.bsky.feed.post/3mu2d2hhp4v2j,at://did:plc:qc3al5f4zcp4h4trgrzntvby/app.bsky.feed.post/3mu2tto4hlj2t
52e8d756b18a46c9,"""To be Extremely Online is to believe that social media is showing you the entirety of the real world—or the only bits of the real world that matter… It is not merely about hanging out somewhere, but acting a certain way, developing a habitus of internet bullshit.""","""'Extremely Online' is one of those terms that oozes 'know it when you see it' ineffability… Not everyone who uses social media, much less the Internet writ large, is Extremely Online, and not all of us who struggle with Onlineness do so in the same way."" www.liberalcurrents.com/extremely-on...",X,23,5,18,4.6,4.463,liberalcurrents.com,liberalcurrents.com/extremely-online-2-0,at://did:plc:ifsuximqaivczh4fie2opnuk/app.bsky.feed.post/3mu26ruwqd72k,at://did:plc:ifsuximqaivczh4fie2opnuk/app.bsky.feed.post/3mu2nqpccns2j
1fad5d5e604ddcb3,"For the Sickos: we did probit results for a general audience.
Chart: what makes it better/worse

Behold:
rooseveltinstitute.org/publications...","Great charts throughout, but this is the bottom line and, imo, speaks to a huge hidden piece of the motherhood penalty

rooseveltinstitute.org/publications...",Y,18,2,16,9.0,0.3488,mikemadowitz.bsky.social,rooseveltinstitute.org/publications/parents-need-childcare-they-can-count-on-new-evidence-on-childcare-related-work-disruptions-and-mothers-employment,at://did:plc:v7zhi5jtvirsxlvoixvt672w/app.bsky.feed.post/3mu2wy2odnc24,at://did:plc:v7zhi5jtvirsxlvoixvt672w/app.bsky.feed.post/3mu2y5i2vjk2b
